date,post_url,pic_url
2020/01/03,https://m.weibo.cn/status/InJOG8quN?mblogid=InJOG8quN&luicode=10000011&lfid=1076031104220301,https://wx1.sinaimg.cn/large/41d1108dly1gaj3ur1tl8j20m93uwahp.jpg
2019/08/21,https://m.weibo.cn/status/I3d1577aI?mblogid=I3d1577aI&luicode=10000011&lfid=1076031104220301,https://wx1.sinaimg.cn/large/41d1108dly1g670qwh02yj20u01j215p.jpg
2019/08/20,https://m.weibo.cn/status/I33Fjn9fy?mblogid=I33Fjn9fy&luicode=10000011&lfid=1076031104220301,https://wx2.sinaimg.cn/large/41d1108dly1g65v5hdtsej20u01j2n9z.jpg
2019/08/19,https://m.weibo.cn/status/I2UoIhhwm?mblogid=I2UoIhhwm&luicode=10000011&lfid=1076031104220301,https://wx1.sinaimg.cn/large/41d1108dly1g64qjs3bv3j20u01j21kx.jpg
2019/08/19,https://m.weibo.cn/status/I2TRJcDq3?mblogid=I2TRJcDq3&luicode=10000011&lfid=1076031104220301,https://wx3.sinaimg.cn/large/41d1108dly1g64o64iqn3j20u01j21kx.jpg
2019/08/18,https://m.weibo.cn/status/I2KU18sZa?mblogid=I2KU18sZa&luicode=10000011&lfid=1076031104220301,https://wx3.sinaimg.cn/large/41d1108dly1g63kgygjfgj21071ufqcz.jpg
2019/08/17,https://m.weibo.cn/status/I2Bwjoab7?mblogid=I2Bwjoab7&luicode=10000011&lfid=1076031104220301,https://wx2.sinaimg.cn/large/41d1108dly1g62d79ntfjj21071ufqd2.jpg
2019/08/16,https://m.weibo.cn/status/I2rVz0x5L?mblogid=I2rVz0x5L&luicode=10000011&lfid=1076031104220301,https://wx3.sinaimg.cn/large/41d1108dgy1g618hzybkuj21071ufn7b.jpg
2019/08/15,https://m.weibo.cn/status/I2ivCp7Jc?mblogid=I2ivCp7Jc&luicode=10000011&lfid=1076031104220301,https://wx2.sinaimg.cn/large/41d1108dly1g603a1onrsj20u01j2wrc.jpg
2019/08/14,https://m.weibo.cn/status/I29h9l7b6?mblogid=I29h9l7b6&luicode=10000011&lfid=1076031104220301,https://wx1.sinaimg.cn/large/41d1108dly1g5yyimesqvj20u01j2n9w.jpg
2019/08/13,https://m.weibo.cn/status/I1ZATAllY?mblogid=I1ZATAllY&luicode=10000011&lfid=1076031104220301,https://wx3.sinaimg.cn/large/41d1108dly1g5xrruxpkij20u01j27h1.jpg
2019/08/12,https://m.weibo.cn/status/I1QsByEEP?mblogid=I1QsByEEP&luicode=10000011&lfid=1076031104220301,https://wx1.sinaimg.cn/large/41d1108dly1g5wng9621oj20u01j2dsl.jpg
2019/08/12,https://m.weibo.cn/status/I1Q5JdGon?mblogid=I1Q5JdGon&luicode=10000011&lfid=1076031104220301,https://wx2.sinaimg.cn/large/41d1108dly1g5wltigfi8j20u01j2gzg.jpg
2019/08/11,https://m.weibo.cn/status/I1GXk3sp6?mblogid=I1GXk3sp6&luicode=10000011&lfid=1076031104220301,https://wx4.sinaimg.cn/large/41d1108dly1g5vh9jim89j20u01j2k45.jpg
2019/08/10,https://m.weibo.cn/status/I1xvTePjI?mblogid=I1xvTePjI&luicode=10000011&lfid=1076031104220301,https://wx4.sinaimg.cn/large/41d1108dly1g5ubjgms2nj20u01j2qfn.jpg
2019/08/09,https://m.weibo.cn/status/I1nZe35O2?mblogid=I1nZe35O2&luicode=10000011&lfid=1076031104220301,https://wx3.sinaimg.cn/large/41d1108dly1g5t5qtf7bij20u01j2dsi.jpg
2019/08/08,https://m.weibo.cn/status/I1ewYso4H?mblogid=I1ewYso4H&luicode=10000011&lfid=1076031104220301,https://wx2.sinaimg.cn/large/41d1108dly1g5s001qzlnj20u01j21kx.jpg
2019/08/07,https://m.weibo.cn/status/I155A5HI6?mblogid=I155A5HI6&luicode=10000011&lfid=1076031104220301,https://wx1.sinaimg.cn/large/41d1108dly1g5qsb87obkj20u01j21kx.jpg
2019/08/06,https://m.weibo.cn/status/I0Vxkpp3K?mblogid=I0Vxkpp3K&luicode=10000011&lfid=1076031104220301,https://wx3.sinaimg.cn/large/41d1108dly1g5pnxbu984j20u01j21kx.jpg
2019/08/05,https://m.weibo.cn/status/I0MOXwyVW?mblogid=I0MOXwyVW&luicode=10000011&lfid=1076031104220301,https://wx1.sinaimg.cn/large/41d1108dly1g5olnyf4i2j21071ufx5g.jpg
2019/08/05,https://m.weibo.cn/status/I0M5DpwDU?mblogid=I0M5DpwDU&luicode=10000011&lfid=1076031104220301,https://wx4.sinaimg.cn/large/41d1108dly1g5oifsj23uj20u01j1tlj.jpg
2019/08/04,https://m.weibo.cn/status/I0CPIg857?mblogid=I0CPIg857&luicode=10000011&lfid=1076031104220301,https://wx2.sinaimg.cn/large/41d1108dly1g5nd4w6xykj21071uftzq.jpg
2019/08/03,https://m.weibo.cn/status/I0twM3lQR?mblogid=I0twM3lQR&luicode=10000011&lfid=1076031104220301,https://wx1.sinaimg.cn/large/41d1108dly1g5m86wa6bcj21071ufk1h.jpg
2019/08/02,https://m.weibo.cn/status/I0jV4c6nX?mblogid=I0jV4c6nX&luicode=10000011&lfid=1076031104220301,https://wx3.sinaimg.cn/large/41d1108dly1g5l1tiw07vj21071ufwok.jpg
2019/08/01,https://m.weibo.cn/status/I0aCOgJTf?mblogid=I0aCOgJTf&luicode=10000011&lfid=1076031104220301,https://wx4.sinaimg.cn/large/41d1108dgy1g5jx1gwlg7j21071ufe7c.jpg
2019/07/31,https://m.weibo.cn/status/I01gm1IBR?mblogid=I01gm1IBR&luicode=10000011&lfid=1076031104220301,https://wx4.sinaimg.cn/large/41d1108dly1g5irhdcuw2j21071ufqd6.jpg
2019/07/30,https://m.weibo.cn/status/HFP4t1tMA?mblogid=HFP4t1tMA&luicode=10000011&lfid=1076031104220301,https://wx4.sinaimg.cn/large/41d1108dly1g5hj46brj8j20u01j21kx.jpg
2019/07/29,https://m.weibo.cn/status/HFGsNzbVh?mblogid=HFGsNzbVh&luicode=10000011&lfid=1076031104220301,https://wx3.sinaimg.cn/large/41d1108dly1g5gj42c4xfj21071ufn7f.jpg
2019/07/29,https://m.weibo.cn/status/HFFEEaH6K?mblogid=HFFEEaH6K&luicode=10000011&lfid=1076031104220301,https://wx3.sinaimg.cn/large/41d1108dly1g5gfhi0vjoj20u01j21kx.jpg
2019/07/28,https://m.weibo.cn/status/HFwj62E12?mblogid=HFwj62E12&luicode=10000011&lfid=1076031104220301,https://wx2.sinaimg.cn/large/41d1108dly1g5f9uci87lj21071ufqd2.jpg
2019/07/27,https://m.weibo.cn/status/HFnL9CApk?mblogid=HFnL9CApk&luicode=10000011&lfid=1076031104220301,https://wx4.sinaimg.cn/large/41d1108dly1g5e4nrvk69j21071uftiu.jpg
2019/07/26,https://m.weibo.cn/status/HFdvaAWCh?mblogid=HFdvaAWCh&luicode=10000011&lfid=1076031104220301,https://wx1.sinaimg.cn/large/41d1108dgy1g5cyuvk51xj21071ufgvr.jpg
2019/07/25,https://m.weibo.cn/status/HF3VzlKOz?mblogid=HF3VzlKOz&luicode=10000011&lfid=1076031104220301,https://wx4.sinaimg.cn/large/41d1108dgy1g5bsp779b9j21071ufdq1.jpg
2019/07/24,https://m.weibo.cn/status/HEUSb3Jmn?mblogid=HEUSb3Jmn&luicode=10000011&lfid=1076031104220301,https://wx4.sinaimg.cn/large/41d1108dly1g5aovo520xj21071uf48v.jpg
2019/07/23,https://m.weibo.cn/status/HELq9nhlr?mblogid=HELq9nhlr&luicode=10000011&lfid=1076031104220301,https://wx3.sinaimg.cn/large/41d1108dly1g59ja6a3jtj21071ufhdt.jpg
2019/07/22,https://m.weibo.cn/status/HECt4ApaD?mblogid=HECt4ApaD&luicode=10000011&lfid=1076031104220301,https://wx4.sinaimg.cn/large/41d1108dly1g58exooruuj21071ufgvx.jpg
2019/07/22,https://m.weibo.cn/status/HEBMRo9e9?mblogid=HEBMRo9e9&luicode=10000011&lfid=1076031104220301,https://wx4.sinaimg.cn/large/41d1108dly1g58cpu2sp0j21071uf4qq.jpg
2019/07/21,https://m.weibo.cn/status/HErI4aTZ5?mblogid=HErI4aTZ5&luicode=10000011&lfid=1076031104220301,https://wx2.sinaimg.cn/large/41d1108dly1g5741dsvwnj21071ufhd2.jpg
2019/07/20,https://m.weibo.cn/status/HEkcqAlgC?mblogid=HEkcqAlgC&luicode=10000011&lfid=1076031104220301,https://wx4.sinaimg.cn/large/41d1108dly1g566z4nee7j20u01j27h9.jpg
2019/07/19,https://m.weibo.cn/status/HE9sDwXWd?mblogid=HE9sDwXWd&luicode=10000011&lfid=1076031104220301,https://wx2.sinaimg.cn/large/41d1108dly1g54ve2mtf0j21071uftj0.jpg
2019/07/18,https://m.weibo.cn/status/HE0jaul5s?mblogid=HE0jaul5s&luicode=10000011&lfid=1076031104220301,https://wx2.sinaimg.cn/large/41d1108dly1g53slcuxtaj20u01j24bd.jpg
2019/07/17,https://m.weibo.cn/status/HDQTfo0qP?mblogid=HDQTfo0qP&luicode=10000011&lfid=1076031104220301,https://wx4.sinaimg.cn/large/41d1108dly1g52ljzhuwvj21071ufqd4.jpg
2019/07/16,https://m.weibo.cn/status/HDHjVzV5a?mblogid=HDHjVzV5a&luicode=10000011&lfid=1076031104220301,https://wx1.sinaimg.cn/large/41d1108dly1g51fgnv2myj21071ufb1f.jpg
2019/07/15,https://m.weibo.cn/status/HDyZHlt9v?mblogid=HDyZHlt9v&luicode=10000011&lfid=1076031104220301,https://wx1.sinaimg.cn/large/41d1108dly1g50ek5i20vj21071ufn7d.jpg
2019/07/15,https://m.weibo.cn/status/HDxTCyTiw?mblogid=HDxTCyTiw&luicode=10000011&lfid=1076031104220301,https://wx4.sinaimg.cn/large/41d1108dly1g509ur1jfoj21071ufqab.jpg
2019/07/14,https://m.weibo.cn/status/HDolFf1qp?mblogid=HDolFf1qp&luicode=10000011&lfid=1076031104220301,https://wx1.sinaimg.cn/large/41d1108dly1g4z3dvfzmdj21071uf7va.jpg
2019/07/13,https://m.weibo.cn/status/HDggZwhtt?mblogid=HDggZwhtt&luicode=10000011&lfid=1076031104220301,https://wx2.sinaimg.cn/large/41d1108dly1g4xy20c033j21071ufgvt.jpg
2019/07/12,https://m.weibo.cn/status/HD5Ru4gRG?mblogid=HD5Ru4gRG&luicode=10000011&lfid=1076031104220301,https://wx3.sinaimg.cn/large/41d1108dly1g4wti9jsamj21071uf7vg.jpg
2019/07/11,https://m.weibo.cn/status/HCWxBmzf8?mblogid=HCWxBmzf8&luicode=10000011&lfid=1076031104220301,https://wx2.sinaimg.cn/large/41d1108dly1g4vonebm7kj21071ufwoq.jpg
2019/07/10,https://m.weibo.cn/status/HCMUg9Lct?mblogid=HCMUg9Lct&luicode=10000011&lfid=1076031104220301,https://wx3.sinaimg.cn/large/41d1108dly1g4ui7uadyvj21071uf7ve.jpg
2019/07/09,https://m.weibo.cn/status/HCDyJvFZp?mblogid=HCDyJvFZp&luicode=10000011&lfid=1076031104220301,https://wx3.sinaimg.cn/large/41d1108dly1g4tenhwxqxj21071ufgvt.jpg
2019/07/08,https://m.weibo.cn/status/HCuhgjals?mblogid=HCuhgjals&luicode=10000011&lfid=1076031104220301,https://wx3.sinaimg.cn/large/41d1108dly1g4s85z9xfwj21071ufx5n.jpg
2019/07/08,https://m.weibo.cn/status/HCtyK7O3p?mblogid=HCtyK7O3p&luicode=10000011&lfid=1076031104220301,https://wx3.sinaimg.cn/large/41d1108dly1g4s4zvxfruj21071ufgsy.jpg
2019/07/07,https://m.weibo.cn/status/HCjMXB3FD?mblogid=HCjMXB3FD&luicode=10000011&lfid=1076031104220301,https://wx3.sinaimg.cn/large/41d1108dly1g4qxkvvxvgj21071uftzt.jpg
2019/07/06,https://m.weibo.cn/status/HCbgvdmjl?mblogid=HCbgvdmjl&luicode=10000011&lfid=1076031104220301,https://wx2.sinaimg.cn/large/41d1108dly1g4prmewbcqj21071ufdq0.jpg
2019/07/05,https://m.weibo.cn/status/HC1xC204F?mblogid=HC1xC204F&luicode=10000011&lfid=1076031104220301,https://wx1.sinaimg.cn/large/41d1108dly1g4oovrf8sxj21071ufgvq.jpg
2019/07/04,https://m.weibo.cn/status/HBSbiiq8W?mblogid=HBSbiiq8W&luicode=10000011&lfid=1076031104220301,https://wx1.sinaimg.cn/large/41d1108dly1g4njyprxi6j21071ufx5e.jpg
2019/07/03,https://m.weibo.cn/status/HBIuWCCgQ?mblogid=HBIuWCCgQ&luicode=10000011&lfid=1076031104220301,https://wx1.sinaimg.cn/large/41d1108dly1g4mcm5hur7j20u01j21kx.jpg
2019/07/02,https://m.weibo.cn/status/HBzmQ7l2g?mblogid=HBzmQ7l2g&luicode=10000011&lfid=1076031104220301,https://wx4.sinaimg.cn/large/41d1108dly1g4l6u8h7n7j20u01j215g.jpg
2019/07/01,https://m.weibo.cn/status/HBrNsih7z?mblogid=HBrNsih7z&luicode=10000011&lfid=1076031104220301,https://wx4.sinaimg.cn/large/41d1108dly1g4kbe98yz6j21071uf12u.jpg
2019/07/01,https://m.weibo.cn/status/HBqCFwqzJ?mblogid=HBqCFwqzJ&luicode=10000011&lfid=1076031104220301,https://wx1.sinaimg.cn/large/41d1108dly1g4k6bdenvlj21071ufwlp.jpg
2019/06/30,https://m.weibo.cn/status/HBgVADPD3?mblogid=HBgVADPD3&luicode=10000011&lfid=1076031104220301,https://wx4.sinaimg.cn/large/41d1108dly1g4iz9l0vd1j21071ufwol.jpg
2019/06/29,https://m.weibo.cn/status/HB6TYdv5V?mblogid=HB6TYdv5V&luicode=10000011&lfid=1076031104220301,https://wx3.sinaimg.cn/large/41d1108dly1g4hr0kkrolj21071ufwok.jpg
2019/06/28,https://m.weibo.cn/status/HAZ7mESg7?mblogid=HAZ7mESg7&luicode=10000011&lfid=1076031104220301,https://wx2.sinaimg.cn/large/41d1108dly1g4gsvypk55j20u01j21kx.jpg
