date,data_type,post_url,pic_url
2021/03/24,variety,https://m.weibo.cn/status/K7EWyAxiw?mblogid=K7EWyAxiw&luicode=10000011&lfid=1076032041291667,https://wx2.sinaimg.cn/large/79aba393ly1gouwabfw3bj20g50l10vb.jpg
2021/03/24,drama,https://m.weibo.cn/status/K7ES285VB?mblogid=K7ES285VB&luicode=10000011&lfid=1076032041291667,https://wx1.sinaimg.cn/large/79aba393ly1gouw9h78u5j20g50l1419.jpg
2021/03/23,endorsements,https://m.weibo.cn/status/K7wEGA1Vr?mblogid=K7wEGA1Vr&luicode=10000011&lfid=1076032041291667,https://wx3.sinaimg.cn/large/79aba393ly1gottfthc1tj20co1fv129.jpg
2021/03/23,variety,https://m.weibo.cn/status/K7uAPqbKY?mblogid=K7uAPqbKY&luicode=10000011&lfid=1076032041291667,https://wx1.sinaimg.cn/large/79aba393ly1gotjwn7x01j20g50l1mzq.jpg
2021/03/23,drama,https://m.weibo.cn/status/K7ubFiNba?mblogid=K7ubFiNba&luicode=10000011&lfid=1076032041291667,https://wx3.sinaimg.cn/large/79aba393ly1gotjvzudt5j20g50l10vh.jpg
2021/03/22,variety,https://m.weibo.cn/status/K7lakBlhS?mblogid=K7lakBlhS&luicode=10000011&lfid=1076032041291667,https://wx1.sinaimg.cn/large/79aba393ly1gosdohu3nmj20g50l1wh1.jpg
2021/03/22,drama,https://m.weibo.cn/status/K7kLasQEX?mblogid=K7kLasQEX&luicode=10000011&lfid=1076032041291667,https://wx1.sinaimg.cn/large/79aba393ly1gosdn6cv55j20g50l1jtv.jpg
2021/03/21,variety,https://m.weibo.cn/status/K7bJ1zGqI?mblogid=K7bJ1zGqI&luicode=10000011&lfid=1076032041291667,https://wx1.sinaimg.cn/large/79aba393ly1gor9zgigimj20g50l1mzq.jpg
2021/03/21,drama,https://m.weibo.cn/status/K7bm4pWfc?mblogid=K7bm4pWfc&luicode=10000011&lfid=1076032041291667,https://wx1.sinaimg.cn/large/79aba393ly1gor9yjq8ywj20g50l1q5o.jpg
2021/03/20,variety,https://m.weibo.cn/status/K72jlb6k6?mblogid=K72jlb6k6&luicode=10000011&lfid=1076032041291667,https://wx1.sinaimg.cn/large/79aba393ly1goq3r6qktuj20g50l1dif.jpg
2021/03/20,drama,https://m.weibo.cn/status/K71Ub2BkS?mblogid=K71Ub2BkS&luicode=10000011&lfid=1076032041291667,https://wx4.sinaimg.cn/large/79aba393ly1goq3pz1clij20g50l1wh8.jpg
2021/03/19,variety,https://m.weibo.cn/status/K6SSQnm4E?mblogid=K6SSQnm4E&luicode=10000011&lfid=1076032041291667,https://wx1.sinaimg.cn/large/79aba393ly1gooxajdd42j20g50l10vc.jpg
2021/03/19,drama,https://m.weibo.cn/status/K6StGcEPr?mblogid=K6StGcEPr&luicode=10000011&lfid=1076032041291667,https://wx4.sinaimg.cn/large/79aba393ly1goox987bhwj20g50l1ju5.jpg
2021/03/18,variety,https://m.weibo.cn/status/K6Jslu73X?mblogid=K6Jslu73X&luicode=10000011&lfid=1076032041291667,https://wx3.sinaimg.cn/large/79aba393gy1gonrsva8xyj20g50l1413.jpg
2021/03/18,drama,https://m.weibo.cn/status/K6J3blCfa?mblogid=K6J3blCfa&luicode=10000011&lfid=1076032041291667,https://wx2.sinaimg.cn/large/79aba393gy1gonrs80b0jj20g50l1q5o.jpg
2021/03/17,drama,https://m.weibo.cn/status/K6zCGuzhs?mblogid=K6zCGuzhs&luicode=10000011&lfid=1076032041291667,https://wx1.sinaimg.cn/large/79aba393gy1gomm1xvnzdj20g50l1q5o.jpg
2021/03/16,endorsements,https://m.weibo.cn/status/K6sX9sCvg?mblogid=K6sX9sCvg&luicode=10000011&lfid=1076032041291667,https://wx2.sinaimg.cn/large/79aba393gy1goltwn3ezgj20co1fv47s.jpg
2021/03/16,drama,https://m.weibo.cn/status/K6qccggfV?mblogid=K6qccggfV&luicode=10000011&lfid=1076032041291667,https://wx3.sinaimg.cn/large/79aba393gy1golgtkqd7kj20g50l1ju4.jpg
2021/03/15,drama,https://m.weibo.cn/status/K6gLH7Dja?mblogid=K6gLH7Dja&luicode=10000011&lfid=1076032041291667,https://wx4.sinaimg.cn/large/79aba393gy1gokamb5ghdj20g50l1dil.jpg
2021/03/14,drama,https://m.weibo.cn/status/K67kHcMIT?mblogid=K67kHcMIT&luicode=10000011&lfid=1076032041291667,https://wx4.sinaimg.cn/large/79aba393gy1goj6hipmevj20g50l1q5o.jpg
2021/03/13,drama,https://m.weibo.cn/status/K5YEG0equ?mblogid=K5YEG0equ&luicode=10000011&lfid=1076032041291667,https://wx4.sinaimg.cn/large/79aba393gy1goi46d4dumj20g50l1act.jpg
2021/03/12,variety,https://m.weibo.cn/status/K5PhJ2drp?mblogid=K5PhJ2drp&luicode=10000011&lfid=1076032041291667,https://wx4.sinaimg.cn/large/79aba393gy1gogyisq505j20g50l176w.jpg
2021/03/12,drama,https://m.weibo.cn/status/K5PdrEOU2?mblogid=K5PdrEOU2&luicode=10000011&lfid=1076032041291667,https://wx3.sinaimg.cn/large/79aba393gy1gogyi6wiilj20g50l1ju4.jpg
2021/03/11,variety,https://m.weibo.cn/status/K5FII31nh?mblogid=K5FII31nh&luicode=10000011&lfid=1076032041291667,https://wx1.sinaimg.cn/large/79aba393gy1gofs8l8yatj20g50l1acn.jpg
2021/03/11,drama,https://m.weibo.cn/status/K5FDA9kAH?mblogid=K5FDA9kAH&luicode=10000011&lfid=1076032041291667,https://wx1.sinaimg.cn/large/79aba393gy1gofs7trtotj20g50l1q5o.jpg
2021/03/10,variety,https://m.weibo.cn/status/K5w2nl8sN?mblogid=K5w2nl8sN&luicode=10000011&lfid=1076032041291667,https://wx1.sinaimg.cn/large/79aba393gy1goeishxnm2j20g50l1ju0.jpg
2021/03/10,drama,https://m.weibo.cn/status/K5vDd8f1y?mblogid=K5vDd8f1y&luicode=10000011&lfid=1076032041291667,https://wx2.sinaimg.cn/large/79aba393gy1goeirrcekej20g50l1771.jpg
2021/03/09,endorsements,https://m.weibo.cn/status/K5p4QBUMs?mblogid=K5p4QBUMs&luicode=10000011&lfid=1076032041291667,https://wx2.sinaimg.cn/large/79aba393gy1godr2vvrqwj20co1fvgv5.jpg
2021/03/09,variety,https://m.weibo.cn/status/K5ouMl1eT?mblogid=K5ouMl1eT&luicode=10000011&lfid=1076032041291667,https://wx4.sinaimg.cn/large/79aba393gy1godo4ja3gbj20g50l1tbc.jpg
2021/03/09,drama,https://m.weibo.cn/status/K5ootkqlT?mblogid=K5ootkqlT&luicode=10000011&lfid=1076032041291667,https://wx4.sinaimg.cn/large/79aba393gy1godo31inwbj20g50l1tbg.jpg
2021/03/08,variety,https://m.weibo.cn/status/K5dbnBXqo?mblogid=K5dbnBXqo&luicode=10000011&lfid=1076032041291667,https://wx1.sinaimg.cn/large/79aba393gy1goc80w5yazj20g50l1dif.jpg
2021/03/08,drama,https://m.weibo.cn/status/K5cMdp3dJ?mblogid=K5cMdp3dJ&luicode=10000011&lfid=1076032041291667,https://wx4.sinaimg.cn/large/79aba393gy1goc809o1qyj20g50l1wh8.jpg
2021/03/07,drama,https://m.weibo.cn/status/K53lIz7vJ?mblogid=K53lIz7vJ&luicode=10000011&lfid=1076032041291667,https://wx4.sinaimg.cn/large/79aba393gy1gob279ati2j20g50l1mzw.jpg
2021/03/06,variety,https://m.weibo.cn/status/K4UkoaBbV?mblogid=K4UkoaBbV&luicode=10000011&lfid=1076032041291667,https://wx2.sinaimg.cn/large/79aba393gy1go9x2os7pdj20g50l176v.jpg
2021/03/06,drama,https://m.weibo.cn/status/K4TVe3cGO?mblogid=K4TVe3cGO&luicode=10000011&lfid=1076032041291667,https://wx2.sinaimg.cn/large/79aba393gy1go9x20y9wkj20g50l1wh8.jpg
2021/03/05,variety,https://m.weibo.cn/status/K4KT55EEv?mblogid=K4KT55EEv&luicode=10000011&lfid=1076032041291667,https://wx4.sinaimg.cn/large/79aba393gy1go8snyawgqj20g50l10vc.jpg
2021/03/05,drama,https://m.weibo.cn/status/K4KEw8DnI?mblogid=K4KEw8DnI&luicode=10000011&lfid=1076032041291667,https://wx1.sinaimg.cn/large/79aba393gy1go8sn55ec8j20g50l1wh8.jpg
2021/03/04,variety,https://m.weibo.cn/status/K4DKEhjfC?mblogid=K4DKEhjfC&luicode=10000011&lfid=1076032041291667,https://wx2.sinaimg.cn/large/79aba393gy1go7xvrw4hsj20g50l1wh4.jpg
2021/03/04,drama,https://m.weibo.cn/status/K4DGeFO2U?mblogid=K4DGeFO2U&luicode=10000011&lfid=1076032041291667,https://wx3.sinaimg.cn/large/79aba393gy1go7xv05kvmj20g50l1ju5.jpg
2021/03/03,drama,https://m.weibo.cn/status/K4rDJu4rj?mblogid=K4rDJu4rj&luicode=10000011&lfid=1076032041291667,https://wx4.sinaimg.cn/large/79aba393gy1go6f6rtn30j20g50l1772.jpg
2021/03/02,endorsements,https://m.weibo.cn/status/K4kAobyBK?mblogid=K4kAobyBK&luicode=10000011&lfid=1076032041291667,https://wx2.sinaimg.cn/large/79aba393gy1go5ljbw2ncj20co1fv7dr.jpg
2021/03/02,drama,https://m.weibo.cn/status/K4ideD1Ql?mblogid=K4ideD1Ql&luicode=10000011&lfid=1076032041291667,https://wx4.sinaimg.cn/large/79aba393gy1go59lmolvsj20g50l1mzw.jpg
2021/03/01,drama,https://m.weibo.cn/status/K4aKaBtZ1?mblogid=K4aKaBtZ1&luicode=10000011&lfid=1076032041291667,https://wx1.sinaimg.cn/large/79aba393gy1go4e3s1gnhj20u02evb0d.jpg
2021/03/01,variety,https://m.weibo.cn/status/K4auhbUTs?mblogid=K4auhbUTs&luicode=10000011&lfid=1076032041291667,https://wx4.sinaimg.cn/large/79aba393gy1go4cg36xrbj20g50l10vd.jpg
2021/03/01,drama,https://m.weibo.cn/status/K4amvwElT?mblogid=K4amvwElT&luicode=10000011&lfid=1076032041291667,https://wx3.sinaimg.cn/large/79aba393gy1go4cffctb7j20g50l1tbh.jpg
2021/02/28,variety,https://m.weibo.cn/status/K3ZLpmnAW?mblogid=K3ZLpmnAW&luicode=10000011&lfid=1076032041291667,https://wx1.sinaimg.cn/large/79aba393gy1go2z8beaecj20g50l1go8.jpg
2021/02/28,drama,https://m.weibo.cn/status/K3Zmfg5kx?mblogid=K3Zmfg5kx&luicode=10000011&lfid=1076032041291667,https://wx2.sinaimg.cn/large/79aba393gy1go2z7nlzckj20g50l1ju5.jpg
2021/02/27,drama,https://m.weibo.cn/status/K3PVKp2m3?mblogid=K3PVKp2m3&luicode=10000011&lfid=1076032041291667,https://wx1.sinaimg.cn/large/79aba393gy1go1td45zm1j20g50l10vh.jpg
2021/02/26,variety,https://m.weibo.cn/status/K3GTC36Ge?mblogid=K3GTC36Ge&luicode=10000011&lfid=1076032041291667,https://wx1.sinaimg.cn/large/79aba393gy1go0pngfh8aj20g50l1ju1.jpg
2021/02/26,drama,https://m.weibo.cn/status/K3GJDkHjm?mblogid=K3GJDkHjm&luicode=10000011&lfid=1076032041291667,https://wx1.sinaimg.cn/large/79aba393gy1go0pmreulzj20g50l1mzw.jpg
2021/02/25,variety,https://m.weibo.cn/status/K3xtV7hvz?mblogid=K3xtV7hvz&luicode=10000011&lfid=1076032041291667,https://wx4.sinaimg.cn/large/79aba393gy1gnzhn1q421j20g50l1ju0.jpg
2021/02/25,drama,https://m.weibo.cn/status/K3x4L0Zr1?mblogid=K3x4L0Zr1&luicode=10000011&lfid=1076032041291667,https://wx3.sinaimg.cn/large/79aba393gy1gnzhiubpm8j20g50l10vg.jpg
2021/02/24,drama,https://m.weibo.cn/status/K3nEg9WZE?mblogid=K3nEg9WZE&luicode=10000011&lfid=1076032041291667,https://wx4.sinaimg.cn/large/79aba393ly1gnyclrqadfj20g50l1tbf.jpg
2021/02/23,endorsements,https://m.weibo.cn/status/K3gt05VbI?mblogid=K3gt05VbI&luicode=10000011&lfid=1076032041291667,https://wx4.sinaimg.cn/large/79aba393gy1gnxfout8dnj20co1fvqcb.jpg
2021/02/23,drama,https://m.weibo.cn/status/K3eFD0enR?mblogid=K3eFD0enR&luicode=10000011&lfid=1076032041291667,https://wx3.sinaimg.cn/large/79aba393gy1gnx9qdmzrjj20g50l1770.jpg
2021/02/22,drama,https://m.weibo.cn/status/K34NgnsEm?mblogid=K34NgnsEm&luicode=10000011&lfid=1076032041291667,https://wx4.sinaimg.cn/large/79aba393gy1gnw0plez0ej20g50l1ju2.jpg
2021/02/21,drama,https://m.weibo.cn/status/K2VmLwq34?mblogid=K2VmLwq34&luicode=10000011&lfid=1076032041291667,https://wx2.sinaimg.cn/large/79aba393gy1gnuukg77hbj20g50l1770.jpg
2021/02/20,variety,https://m.weibo.cn/status/K2Mlrdpes?mblogid=K2Mlrdpes&luicode=10000011&lfid=1076032041291667,https://wx3.sinaimg.cn/large/79aba393gy1gntq0ypze2j20g50l1q5k.jpg
2021/02/20,drama,https://m.weibo.cn/status/K2LWh2I1N?mblogid=K2LWh2I1N&luicode=10000011&lfid=1076032041291667,https://wx2.sinaimg.cn/large/79aba393gy1gntpzn0bxrj20g50l1mzv.jpg
2021/02/19,drama,https://m.weibo.cn/status/K2CNCsFil?mblogid=K2CNCsFil&luicode=10000011&lfid=1076032041291667,https://wx2.sinaimg.cn/large/79aba393gy1gnsmjhcpwdj20g50l1q5m.jpg
2021/02/18,drama,https://m.weibo.cn/status/K2t5hkCFi?mblogid=K2t5hkCFi&luicode=10000011&lfid=1076032041291667,https://wx1.sinaimg.cn/large/79aba393gy1gnregeaotkj20g50l1q5n.jpg
2021/02/17,variety,https://m.weibo.cn/status/K2k3WC4E8?mblogid=K2k3WC4E8&luicode=10000011&lfid=1076032041291667,https://wx2.sinaimg.cn/large/79aba393gy1gnq9no2chgj20g50l1416.jpg
2021/02/17,drama,https://m.weibo.cn/status/K2jEMpbro?mblogid=K2jEMpbro&luicode=10000011&lfid=1076032041291667,https://wx4.sinaimg.cn/large/79aba393gy1gnq9m92zp5j20g50l10vf.jpg
2021/02/16,variety,https://m.weibo.cn/status/K2aDs7gHn?mblogid=K2aDs7gHn&luicode=10000011&lfid=1076032041291667,https://wx4.sinaimg.cn/large/79aba393gy1gnp30ty486j20g50l176x.jpg
2021/02/16,drama,https://m.weibo.cn/status/K2aehAkSK?mblogid=K2aehAkSK&luicode=10000011&lfid=1076032041291667,https://wx2.sinaimg.cn/large/79aba393gy1gnp307uu49j20g50l1acq.jpg
2021/02/15,drama,https://m.weibo.cn/status/K20NN6CW6?mblogid=K20NN6CW6&luicode=10000011&lfid=1076032041291667,https://wx3.sinaimg.cn/large/79aba393gy1gnny6exswpj20g50l1q5m.jpg
2021/02/14,variety,https://m.weibo.cn/status/K1TPQAqGj?mblogid=K1TPQAqGj&luicode=10000011&lfid=1076032041291667,https://wx1.sinaimg.cn/large/79aba393gy1gnn419l5vgj20g50l176w.jpg
2021/02/14,drama,https://m.weibo.cn/status/K1TPxDu0h?mblogid=K1TPxDu0h&luicode=10000011&lfid=1076032041291667,https://wx1.sinaimg.cn/large/79aba393gy1gnn40gygg7j20g50l176y.jpg
2021/02/13,variety,https://m.weibo.cn/status/K1IqPupGB?mblogid=K1IqPupGB&luicode=10000011&lfid=1076032041291667,https://wx4.sinaimg.cn/large/79aba393gy1gnlno10bbzj20g50l10ve.jpg
2021/02/13,drama,https://m.weibo.cn/status/K1HY6ms2E?mblogid=K1HY6ms2E&luicode=10000011&lfid=1076032041291667,https://wx3.sinaimg.cn/large/79aba393gy1gnlnn50urmj20g50l1goa.jpg
2021/02/12,variety,https://m.weibo.cn/status/K1yZwsKXZ?mblogid=K1yZwsKXZ&luicode=10000011&lfid=1076032041291667,https://wx1.sinaimg.cn/large/79aba393ly1gnki1w5juij20g50l1414.jpg
2021/02/12,drama,https://m.weibo.cn/status/K1yxDfHJT?mblogid=K1yxDfHJT&luicode=10000011&lfid=1076032041291667,https://wx3.sinaimg.cn/large/79aba393ly1gnki100txbj20g50l1ju2.jpg
2021/02/11,variety,https://m.weibo.cn/status/K1puYa5Ke?mblogid=K1puYa5Ke&luicode=10000011&lfid=1076032041291667,https://wx1.sinaimg.cn/large/79aba393gy1gnjbkj8o7oj20g50l1dig.jpg
2021/02/11,drama,https://m.weibo.cn/status/K1p5NC3N9?mblogid=K1p5NC3N9&luicode=10000011&lfid=1076032041291667,https://wx1.sinaimg.cn/large/79aba393gy1gnjbjndixyj20g50l1wh6.jpg
2021/02/10,variety,https://m.weibo.cn/status/K1g4tj2T4?mblogid=K1g4tj2T4&luicode=10000011&lfid=1076032041291667,https://wx2.sinaimg.cn/large/79aba393gy1gni5lljg50j20g50l1ju0.jpg
2021/02/10,drama,https://m.weibo.cn/status/K1fFj7fsL?mblogid=K1fFj7fsL&luicode=10000011&lfid=1076032041291667,https://wx2.sinaimg.cn/large/79aba393gy1gni5ktjewlj20g50l1wh6.jpg
2021/02/09,endorsements,https://m.weibo.cn/status/K18A7sf8l?mblogid=K18A7sf8l&luicode=10000011&lfid=1076032041291667,https://wx4.sinaimg.cn/large/79aba393gy1gnh8dvv1m3j20co1fv11z.jpg
2021/02/09,drama,https://m.weibo.cn/status/K16eOhiU6?mblogid=K16eOhiU6&luicode=10000011&lfid=1076032041291667,https://wx2.sinaimg.cn/large/79aba393gy1gngz3lpxbpj20g50l10vd.jpg
2021/02/08,drama,https://m.weibo.cn/status/K0WOjo4AG?mblogid=K0WOjo4AG&luicode=10000011&lfid=1076032041291667,https://wx3.sinaimg.cn/large/79aba393gy1gnfulocf4tj20g50l1go9.jpg
2021/02/07,variety,https://m.weibo.cn/status/K0NMZ0EUm?mblogid=K0NMZ0EUm&luicode=10000011&lfid=1076032041291667,https://wx1.sinaimg.cn/large/79aba393gy1gneokhz93kj20g50l1dig.jpg
2021/02/07,drama,https://m.weibo.cn/status/K0NnOvW9k?mblogid=K0NnOvW9k&luicode=10000011&lfid=1076032041291667,https://wx2.sinaimg.cn/large/79aba393gy1gneojon8buj20g50l1dii.jpg
2021/02/06,drama,https://m.weibo.cn/status/K0DXjEThr?mblogid=K0DXjEThr&luicode=10000011&lfid=1076032041291667,https://wx3.sinaimg.cn/large/79aba393gy1gndiv8c7pbj20g50l1wh5.jpg
2021/02/05,variety,https://m.weibo.cn/status/K0uVZkLNK?mblogid=K0uVZkLNK&luicode=10000011&lfid=1076032041291667,https://wx2.sinaimg.cn/large/79aba393gy1gncdnzbb4ej20g50l1jtz.jpg
2021/02/05,drama,https://m.weibo.cn/status/K0uwPa4FU?mblogid=K0uwPa4FU&luicode=10000011&lfid=1076032041291667,https://wx3.sinaimg.cn/large/79aba393gy1gncdm6oap1j20g50l1q5l.jpg
2021/02/04,variety,https://m.weibo.cn/status/K0lvux1HN?mblogid=K0lvux1HN&luicode=10000011&lfid=1076032041291667,https://wx3.sinaimg.cn/large/79aba393gy1gnb8q8wx67j20g50l176v.jpg
2021/02/04,drama,https://m.weibo.cn/status/K0l6kgPBY?mblogid=K0l6kgPBY&luicode=10000011&lfid=1076032041291667,https://wx1.sinaimg.cn/large/79aba393gy1gnb8piup8oj20g50l1tbd.jpg
2021/02/03,drama,https://m.weibo.cn/status/K0bLzcfKG?mblogid=K0bLzcfKG&luicode=10000011&lfid=1076032041291667,https://wx2.sinaimg.cn/large/79aba393gy1gna3rfyc53j20g50l1acp.jpg
2021/02/02,endorsements,https://m.weibo.cn/status/K04phn5lP?mblogid=K04phn5lP&luicode=10000011&lfid=1076032041291667,https://wx3.sinaimg.cn/large/79aba393gy1gn92e5baxdj20co1fvwnn.jpg
2021/02/02,variety,https://m.weibo.cn/status/K02E620Ze?mblogid=K02E620Ze&luicode=10000011&lfid=1076032041291667,https://wx1.sinaimg.cn/large/79aba393gy1gn8xoradicj20g50l176w.jpg
2021/02/02,drama,https://m.weibo.cn/status/K02hmsFwz?mblogid=K02hmsFwz&luicode=10000011&lfid=1076032041291667,https://wx2.sinaimg.cn/large/79aba393gy1gn8xo1wqm7j20g50l1goa.jpg
2021/02/01,variety,https://m.weibo.cn/status/JFQGkgQnZ?mblogid=JFQGkgQnZ&luicode=10000011&lfid=1076032041291667,https://wx3.sinaimg.cn/large/79aba393gy1gn7rc3kcokj20g50l176w.jpg
2021/02/01,drama,https://m.weibo.cn/status/JFQha3W6z?mblogid=JFQha3W6z&luicode=10000011&lfid=1076032041291667,https://wx1.sinaimg.cn/large/79aba393gy1gn7rbi5xu0j20g50l1dii.jpg
2021/01/31,drama,https://m.weibo.cn/status/JFGQFdZLp?mblogid=JFGQFdZLp&luicode=10000011&lfid=1076032041291667,https://wx4.sinaimg.cn/large/79aba393gy1gn6lgqhzl2j20g50l1acr.jpg
2021/01/30,variety,https://m.weibo.cn/status/JFxOwiCYV?mblogid=JFxOwiCYV&luicode=10000011&lfid=1076032041291667,https://wx3.sinaimg.cn/large/79aba393gy1gn5hy17in1j20g50l1414.jpg
2021/01/30,drama,https://m.weibo.cn/status/JFxEMlFhu?mblogid=JFxEMlFhu&luicode=10000011&lfid=1076032041291667,https://wx3.sinaimg.cn/large/79aba393gy1gn5hx01kl8j20g50l1q5m.jpg
2021/01/29,variety,https://m.weibo.cn/status/JFooPEpbc?mblogid=JFooPEpbc&luicode=10000011&lfid=1076032041291667,https://wx4.sinaimg.cn/large/79aba393gy1gn49yp2l1kj20g50l1ju1.jpg
2021/01/29,drama,https://m.weibo.cn/status/JFnZFrvcl?mblogid=JFnZFrvcl&luicode=10000011&lfid=1076032041291667,https://wx2.sinaimg.cn/large/79aba393gy1gn49xtxxo5j20g50l1q5l.jpg
2021/01/28,variety,https://m.weibo.cn/status/JFeYl7psN?mblogid=JFeYl7psN&luicode=10000011&lfid=1076032041291667,https://wx1.sinaimg.cn/large/79aba393gy1gn33yibkzpj20g50l1wh3.jpg
2021/01/28,drama,https://m.weibo.cn/status/JFezaByZj?mblogid=JFezaByZj&luicode=10000011&lfid=1076032041291667,https://wx2.sinaimg.cn/large/79aba393gy1gn33xur6opj20g50l176y.jpg
2021/01/27,variety,https://m.weibo.cn/status/JF5xQCljN?mblogid=JF5xQCljN&luicode=10000011&lfid=1076032041291667,https://wx3.sinaimg.cn/large/79aba393gy1gn1z1ehrs9j20g50l1q5j.jpg
2021/01/27,drama,https://m.weibo.cn/status/JF58G5EUU?mblogid=JF58G5EUU&luicode=10000011&lfid=1076032041291667,https://wx2.sinaimg.cn/large/79aba393gy1gn1yzbrsjtj20g50l1dii.jpg
2021/01/26,endorsements,https://m.weibo.cn/status/JEY1xobM7?mblogid=JEY1xobM7&luicode=10000011&lfid=1076032041291667,https://wx3.sinaimg.cn/large/79aba393gy1gn14j6g9gtj20co1fv7dt.jpg
2021/01/26,variety,https://m.weibo.cn/status/JEW7lpkNu?mblogid=JEW7lpkNu&luicode=10000011&lfid=1076032041291667,https://wx4.sinaimg.cn/large/79aba393gy1gn0tc7ub3vj20g50l176w.jpg
2021/01/26,drama,https://m.weibo.cn/status/JEVIbdxof?mblogid=JEVIbdxof&luicode=10000011&lfid=1076032041291667,https://wx1.sinaimg.cn/large/79aba393gy1gn0tbd0ad4j20g50l1tbe.jpg
2021/01/25,variety,https://m.weibo.cn/status/JEMG2oKfk?mblogid=JEMG2oKfk&luicode=10000011&lfid=1076032041291667,https://wx4.sinaimg.cn/large/79aba393gy1gmzpagpavij20g50l176v.jpg
2021/01/25,drama,https://m.weibo.cn/status/JEMowokOd?mblogid=JEMowokOd&luicode=10000011&lfid=1076032041291667,https://wx4.sinaimg.cn/large/79aba393gy1gmzp9k0lwhj20g50l1mzt.jpg
2021/01/24,variety,https://m.weibo.cn/status/JEDgm3spO?mblogid=JEDgm3spO&luicode=10000011&lfid=1076032041291667,https://wx1.sinaimg.cn/large/79aba393gy1gmyijgui1zj20g50l176x.jpg
2021/01/24,drama,https://m.weibo.cn/status/JECRbzOXx?mblogid=JECRbzOXx&luicode=10000011&lfid=1076032041291667,https://wx2.sinaimg.cn/large/79aba393gy1gmyiited0fj20g50l1416.jpg
2021/01/23,variety,https://m.weibo.cn/status/JEtP2Dmle?mblogid=JEtP2Dmle&luicode=10000011&lfid=1076032041291667,https://wx3.sinaimg.cn/large/79aba393gy1gmxdlwzjcxj20g50l1aco.jpg
2021/01/23,drama,https://m.weibo.cn/status/JEtropzwU?mblogid=JEtropzwU&luicode=10000011&lfid=1076032041291667,https://wx1.sinaimg.cn/large/79aba393gy1gmxdl5du5oj20g50l1mzt.jpg
2021/01/22,variety,https://m.weibo.cn/status/JEkroc0u2?mblogid=JEkroc0u2&luicode=10000011&lfid=1076032041291667,https://wx4.sinaimg.cn/large/79aba393gy1gmw7svsna0j20g50l1mzr.jpg
2021/01/22,drama,https://m.weibo.cn/status/JEk2e2prE?mblogid=JEk2e2prE&luicode=10000011&lfid=1076032041291667,https://wx3.sinaimg.cn/large/79aba393gy1gmw7s5e5yej20g50l1mzu.jpg
2021/01/21,variety,https://m.weibo.cn/status/JEaYS746d?mblogid=JEaYS746d&luicode=10000011&lfid=1076032041291667,https://wx1.sinaimg.cn/large/79aba393gy1gmv0syrqzuj20g50l1ju0.jpg
2021/01/21,drama,https://m.weibo.cn/status/JEazHjD9N?mblogid=JEazHjD9N&luicode=10000011&lfid=1076032041291667,https://wx4.sinaimg.cn/large/79aba393gy1gmv0rwiqupj20g50l1tbe.jpg
2021/01/20,variety,https://m.weibo.cn/status/JE1ymA01e?mblogid=JE1ymA01e&luicode=10000011&lfid=1076032041291667,https://wx2.sinaimg.cn/large/79aba393gy1gmtvrd4rijj20g50l1q5k.jpg
2021/01/20,drama,https://m.weibo.cn/status/JE19ctH08?mblogid=JE19ctH08&luicode=10000011&lfid=1076032041291667,https://wx3.sinaimg.cn/large/79aba393gy1gmtvqmxdhij20g50l176z.jpg
2021/01/19,endorsements,https://m.weibo.cn/status/JDTJi33pj?mblogid=JDTJi33pj&luicode=10000011&lfid=1076032041291667,https://wx2.sinaimg.cn/large/79aba393gy1gmszulh256j20co1fv7dm.jpg
2021/01/19,variety,https://m.weibo.cn/status/JDS7S7okB?mblogid=JDS7S7okB&luicode=10000011&lfid=1076032041291667,https://wx3.sinaimg.cn/large/79aba393gy1gmsqb99633j20g50l1mzs.jpg
2021/01/19,drama,https://m.weibo.cn/status/JDRIHzlrw?mblogid=JDRIHzlrw&luicode=10000011&lfid=1076032041291667,https://wx4.sinaimg.cn/large/79aba393gy1gmsqal55tuj20g50l1dii.jpg
2021/01/18,variety,https://m.weibo.cn/status/JDIHo7ncV?mblogid=JDIHo7ncV&luicode=10000011&lfid=1076032041291667,https://wx2.sinaimg.cn/large/79aba393gy1gmrkaf9lmhj20g50l10vc.jpg
2021/01/18,drama,https://m.weibo.cn/status/JDIid2kU2?mblogid=JDIid2kU2&luicode=10000011&lfid=1076032041291667,https://wx4.sinaimg.cn/large/79aba393gy1gmrk9ppir3j20g50l1acp.jpg
2021/01/17,variety,https://m.weibo.cn/status/JDzgSqnPC?mblogid=JDzgSqnPC&luicode=10000011&lfid=1076032041291667,https://wx4.sinaimg.cn/large/79aba393gy1gmqfdp0y59j20g50l1tbb.jpg
2021/01/17,drama,https://m.weibo.cn/status/JDyRIeAyW?mblogid=JDyRIeAyW&luicode=10000011&lfid=1076032041291667,https://wx3.sinaimg.cn/large/79aba393gy1gmqfcz1rmej20g50l1acp.jpg
2021/01/16,variety,https://m.weibo.cn/status/JDpQnx9jV?mblogid=JDpQnx9jV&luicode=10000011&lfid=1076032041291667,https://wx4.sinaimg.cn/large/79aba393gy1gmp9xjztizj20g50l1ju0.jpg
2021/01/16,drama,https://m.weibo.cn/status/JDprdkgmP?mblogid=JDprdkgmP&luicode=10000011&lfid=1076032041291667,https://wx1.sinaimg.cn/large/79aba393gy1gmp9wwk6w9j20g50l1ju2.jpg
2021/01/15,variety,https://m.weibo.cn/status/JDgpSDUSo?mblogid=JDgpSDUSo&luicode=10000011&lfid=1076032041291667,https://wx2.sinaimg.cn/large/79aba393ly1gmo3qcq0jdj20g50l176v.jpg
2021/01/15,drama,https://m.weibo.cn/status/JDg0Is6QU?mblogid=JDg0Is6QU&luicode=10000011&lfid=1076032041291667,https://wx1.sinaimg.cn/large/79aba393ly1gmo3peiowpj20g50l1acp.jpg
2021/01/14,variety,https://m.weibo.cn/status/JD6Zo95Yq?mblogid=JD6Zo95Yq&luicode=10000011&lfid=1076032041291667,https://wx4.sinaimg.cn/large/79aba393gy1gmmy0d9a3tj20g50l1tbb.jpg
2021/01/14,drama,https://m.weibo.cn/status/JD6AdEmIC?mblogid=JD6AdEmIC&luicode=10000011&lfid=1076032041291667,https://wx3.sinaimg.cn/large/79aba393gy1gmmxzmio8bj20g50l1wh4.jpg
2021/01/13,variety,https://m.weibo.cn/status/JCXyTzEXI?mblogid=JCXyTzEXI&luicode=10000011&lfid=1076032041291667,https://wx1.sinaimg.cn/large/79aba393gy1gmls2pzporj20g50l1dif.jpg
2021/01/13,drama,https://m.weibo.cn/status/JCX9J2XTK?mblogid=JCX9J2XTK&luicode=10000011&lfid=1076032041291667,https://wx3.sinaimg.cn/large/79aba393gy1gmls1p7mk4j20g50l1acq.jpg
2021/01/12,endorsements,https://m.weibo.cn/status/JCQM7bIu9?mblogid=JCQM7bIu9&luicode=10000011&lfid=1076032041291667,https://wx1.sinaimg.cn/large/79aba393gy1gml13r5w2bj20co1fv7dq.jpg
2021/01/12,variety,https://m.weibo.cn/status/JCO8or0VR?mblogid=JCO8or0VR&luicode=10000011&lfid=1076032041291667,https://wx4.sinaimg.cn/large/79aba393gy1gmkmmtwd90j20g50l1mzs.jpg
2021/01/12,drama,https://m.weibo.cn/status/JCNJee7aP?mblogid=JCNJee7aP&luicode=10000011&lfid=1076032041291667,https://wx4.sinaimg.cn/large/79aba393gy1gmkmm4ygj5j20g50l176x.jpg
2021/01/11,variety,https://m.weibo.cn/status/JCEHTyRLH?mblogid=JCEHTyRLH&luicode=10000011&lfid=1076032041291667,https://wx3.sinaimg.cn/large/79aba393gy1gmjhbi62ofj20g50l1wh4.jpg
2021/01/11,drama,https://m.weibo.cn/status/JCEiJn4Va?mblogid=JCEiJn4Va&luicode=10000011&lfid=1076032041291667,https://wx4.sinaimg.cn/large/79aba393gy1gmjhanz6m5j20g50l1tbe.jpg
2021/01/10,variety,https://m.weibo.cn/status/JCvhp1RvU?mblogid=JCvhp1RvU&luicode=10000011&lfid=1076032041291667,https://wx2.sinaimg.cn/large/79aba393gy1gmibqa9hwqj20g50l1mzr.jpg
2021/01/10,drama,https://m.weibo.cn/status/JCuSetPJa?mblogid=JCuSetPJa&luicode=10000011&lfid=1076032041291667,https://wx3.sinaimg.cn/large/79aba393gy1gmibpcxzm3j20g50l1416.jpg
2021/01/09,drama,https://m.weibo.cn/status/JClz2q3dE?mblogid=JClz2q3dE&luicode=10000011&lfid=1076032041291667,https://wx1.sinaimg.cn/large/79aba393gy1gmh7dcnq0dj20g50l1dih.jpg
2021/01/08,variety,https://m.weibo.cn/status/JCcqpkSt6?mblogid=JCcqpkSt6&luicode=10000011&lfid=1076032041291667,https://wx1.sinaimg.cn/large/79aba393gy1gmfzx53g87j20g50l1jty.jpg
2021/01/08,drama,https://m.weibo.cn/status/JCc1f95cJ?mblogid=JCc1f95cJ&luicode=10000011&lfid=1076032041291667,https://wx2.sinaimg.cn/large/79aba393gy1gmfzwbi002j20g50l1415.jpg
2021/01/07,drama,https://m.weibo.cn/status/JC2AKfPZ4?mblogid=JC2AKfPZ4&luicode=10000011&lfid=1076032041291667,https://wx1.sinaimg.cn/large/79aba393gy1gmeub66o1ej20g50l1415.jpg
2021/01/06,variety,https://m.weibo.cn/status/JBTaEwQty?mblogid=JBTaEwQty&luicode=10000011&lfid=1076032041291667,https://wx3.sinaimg.cn/large/79aba393gy1gmdpcmtfjkj20g50l1jtz.jpg
2021/01/06,drama,https://m.weibo.cn/status/JBTaftbtY?mblogid=JBTaftbtY&luicode=10000011&lfid=1076032041291667,https://wx3.sinaimg.cn/large/79aba393gy1gmdpc65jbyj20g50l1go9.jpg
2021/01/05,endorsements,https://m.weibo.cn/status/JBLGiv1Dy?mblogid=JBLGiv1Dy&luicode=10000011&lfid=1076032041291667,https://wx1.sinaimg.cn/large/79aba393gy1gmcsx148x1j20co1fv125.jpg
2021/01/05,variety,https://m.weibo.cn/status/JBK8V4G9x?mblogid=JBK8V4G9x&luicode=10000011&lfid=1076032041291667,https://wx3.sinaimg.cn/large/79aba393gy1gmcjoscsmgj20g50l1did.jpg
2021/01/05,drama,https://m.weibo.cn/status/JBJJKwEAW?mblogid=JBJJKwEAW&luicode=10000011&lfid=1076032041291667,https://wx2.sinaimg.cn/large/79aba393gy1gmcjo321z6j20g50l1dig.jpg
2021/01/04,drama,https://m.weibo.cn/status/JBAZC1UKN?mblogid=JBAZC1UKN&luicode=10000011&lfid=1076032041291667,https://wx2.sinaimg.cn/large/79aba393gy1gmbhqyfho5j20u02evtxu.jpg
2021/01/04,variety,https://m.weibo.cn/status/JBAIqbrD4?mblogid=JBAIqbrD4&luicode=10000011&lfid=1076032041291667,https://wx2.sinaimg.cn/large/79aba393gy1gmbdqh7q3ej20g50l1tba.jpg
2021/01/04,drama,https://m.weibo.cn/status/JBAjfFCos?mblogid=JBAjfFCos&luicode=10000011&lfid=1076032041291667,https://wx1.sinaimg.cn/large/79aba393gy1gmbdpo9yt1j20g50l1acp.jpg
2021/01/03,variety,https://m.weibo.cn/status/JBrhVlvYs?mblogid=JBrhVlvYs&luicode=10000011&lfid=1076032041291667,https://wx3.sinaimg.cn/large/79aba393gy1gma83qm1asj20g50l1mzr.jpg
2021/01/03,drama,https://m.weibo.cn/status/JBqSL9I3P?mblogid=JBqSL9I3P&luicode=10000011&lfid=1076032041291667,https://wx2.sinaimg.cn/large/79aba393gy1gma82yy40gj20g50l1dii.jpg
2021/01/02,variety,https://m.weibo.cn/status/JBhRqtm3R?mblogid=JBhRqtm3R&luicode=10000011&lfid=1076032041291667,https://wx2.sinaimg.cn/large/79aba393gy1gm92r2otm6j20g50l1mzq.jpg
2021/01/02,drama,https://m.weibo.cn/status/JBhsghyKn?mblogid=JBhsghyKn&luicode=10000011&lfid=1076032041291667,https://wx1.sinaimg.cn/large/79aba393gy1gm92qfgwwnj20g50l1dig.jpg
2021/01/01,variety,https://m.weibo.cn/status/JB8q7qB8C?mblogid=JB8q7qB8C&luicode=10000011&lfid=1076032041291667,https://wx3.sinaimg.cn/large/79aba393gy1gm7zbtxkocj20g50l176u.jpg
2021/01/01,drama,https://m.weibo.cn/status/JB8ltklP1?mblogid=JB8ltklP1&luicode=10000011&lfid=1076032041291667,https://wx2.sinaimg.cn/large/79aba393gy1gm7zb561ffj20g50l1wh5.jpg
2020/12/31,drama,https://m.weibo.cn/status/JAYBgEXZK?mblogid=JAYBgEXZK&luicode=10000011&lfid=1076032041291667,https://wx1.sinaimg.cn/large/79aba393gy1gm6qsbie8lj20g50l1dih.jpg
2020/12/30,drama,https://m.weibo.cn/status/JAPaM7XsA?mblogid=JAPaM7XsA&luicode=10000011&lfid=1076032041291667,https://wx2.sinaimg.cn/large/79aba393gy1gm5ll1soooj20g50l1mzt.jpg
2020/12/29,endorsements,https://m.weibo.cn/status/JAIeWfuaF?mblogid=JAIeWfuaF&luicode=10000011&lfid=1076032041291667,https://wx3.sinaimg.cn/large/79aba393gy1gm4rslmzewj20co1fvk0w.jpg
2020/12/29,drama,https://m.weibo.cn/status/JAFKhfOCW?mblogid=JAFKhfOCW&luicode=10000011&lfid=1076032041291667,https://wx4.sinaimg.cn/large/79aba393gy1gm4fqr5r5nj20g50l1q5m.jpg
2020/12/28,drama,https://m.weibo.cn/status/JAwjMoLPZ?mblogid=JAwjMoLPZ&luicode=10000011&lfid=1076032041291667,https://wx2.sinaimg.cn/large/79aba393gy1gm3ams6oyxj20g50l1q5l.jpg
2020/12/27,drama,https://m.weibo.cn/status/JAmTGFMB2?mblogid=JAmTGFMB2&luicode=10000011&lfid=1076032041291667,https://wx4.sinaimg.cn/large/79aba393gy1gm25n2j1n0j20g50l176x.jpg
2020/12/26,drama,https://m.weibo.cn/status/JAdsMEu6M?mblogid=JAdsMEu6M&luicode=10000011&lfid=1076032041291667,https://wx4.sinaimg.cn/large/79aba393gy1gm0xgohcrzj20g50l1tbb.jpg
2020/12/25,drama,https://m.weibo.cn/status/JA42i8Amq?mblogid=JA42i8Amq&luicode=10000011&lfid=1076032041291667,https://wx4.sinaimg.cn/large/79aba393gy1glzsxdvljbj20g50l1go9.jpg
2020/12/24,drama,https://m.weibo.cn/status/JzUBNgqSR?mblogid=JzUBNgqSR&luicode=10000011&lfid=1076032041291667,https://wx2.sinaimg.cn/large/79aba393gy1glynsm7u9xj20g50l1dii.jpg
2020/12/23,drama,https://m.weibo.cn/status/JzLbipou8?mblogid=JzLbipou8&luicode=10000011&lfid=1076032041291667,https://wx1.sinaimg.cn/large/79aba393gy1glxiktvur6j20g50l1acp.jpg
2020/12/22,drama,https://m.weibo.cn/status/JzBKNw9F0?mblogid=JzBKNw9F0&luicode=10000011&lfid=1076032041291667,https://wx2.sinaimg.cn/large/79aba393gy1glwc1n9ipwj20g50l1mzu.jpg
2020/12/21,drama,https://m.weibo.cn/status/Jzskj3xRh?mblogid=Jzskj3xRh&luicode=10000011&lfid=1076032041291667,https://wx1.sinaimg.cn/large/79aba393gy1glv76mbw28j20g50l1416.jpg
2020/12/20,drama,https://m.weibo.cn/status/JziTOdBwG?mblogid=JziTOdBwG&luicode=10000011&lfid=1076032041291667,https://wx4.sinaimg.cn/large/79aba393gy1glu1c862ahj20g50l10vd.jpg
2020/12/19,drama,https://m.weibo.cn/status/Jz9tjkm61?mblogid=Jz9tjkm61&luicode=10000011&lfid=1076032041291667,https://wx1.sinaimg.cn/large/79aba393gy1glsvs5lv56j20g50l1q5l.jpg
2020/12/18,drama,https://m.weibo.cn/status/Jz02Otjsu?mblogid=Jz02Otjsu&luicode=10000011&lfid=1076032041291667,https://wx3.sinaimg.cn/large/79aba393gy1glrqgjclfkj20g50l1goa.jpg
2020/12/17,drama,https://m.weibo.cn/status/JyQCjDn9V?mblogid=JyQCjDn9V&luicode=10000011&lfid=1076032041291667,https://wx4.sinaimg.cn/large/79aba393gy1glqjkllaahj20g50l1tbe.jpg
2020/12/16,drama,https://m.weibo.cn/status/JyHbP4aoO?mblogid=JyHbP4aoO&luicode=10000011&lfid=1076032041291667,https://wx4.sinaimg.cn/large/79aba393gy1glpen098bqj20g50l1ju2.jpg
2020/12/15,drama,https://m.weibo.cn/status/JyxLkgqk0?mblogid=JyxLkgqk0&luicode=10000011&lfid=1076032041291667,https://wx2.sinaimg.cn/large/79aba393gy1glo8zfxlp1j20g50l176y.jpg
2020/12/14,drama,https://m.weibo.cn/status/JyokPnbfu?mblogid=JyokPnbfu&luicode=10000011&lfid=1076032041291667,https://wx2.sinaimg.cn/large/79aba393gy1gln2748ip0j20g50l1gob.jpg
2020/12/13,drama,https://m.weibo.cn/status/JyeUkykUF?mblogid=JyeUkykUF&luicode=10000011&lfid=1076032041291667,https://wx3.sinaimg.cn/large/79aba393gy1glly1jgugmj20g50l1mzu.jpg
2020/12/13,,https://m.weibo.cn/status/JyeTVqhbp?mblogid=JyeTVqhbp&luicode=10000011&lfid=1076032041291667,https://wx2.sinaimg.cn/large/79aba393gy1glly0zp9cuj20fa0iw0ug.jpg
2020/12/12,drama,https://m.weibo.cn/status/Jy5tQ0ejo?mblogid=Jy5tQ0ejo&luicode=10000011&lfid=1076032041291667,https://wx4.sinaimg.cn/large/79aba393gy1glkqlx8nxoj20g50l1dii.jpg
2020/12/11,drama,https://m.weibo.cn/status/JxW3l85yM?mblogid=JxW3l85yM&luicode=10000011&lfid=1076032041291667,https://wx4.sinaimg.cn/large/79aba393gy1gljmp1e2afj20g50l1417.jpg
2020/12/10,drama,https://m.weibo.cn/status/JxMCQjgsw?mblogid=JxMCQjgsw&luicode=10000011&lfid=1076032041291667,https://wx2.sinaimg.cn/large/79aba393gy1gligwtqhebj20g50l10vd.jpg
2020/12/09,drama,https://m.weibo.cn/status/JxDclr6D6?mblogid=JxDclr6D6&luicode=10000011&lfid=1076032041291667,https://wx4.sinaimg.cn/large/79aba393gy1glhbsz1tgej20g50l1mzu.jpg
2020/12/08,drama,https://m.weibo.cn/status/JxtLQxRuV?mblogid=JxtLQxRuV&luicode=10000011&lfid=1076032041291667,https://wx2.sinaimg.cn/large/79aba393gy1glg5xd00paj20g50l176y.jpg
2020/12/07,drama,https://m.weibo.cn/status/JxkllECgd?mblogid=JxkllECgd&luicode=10000011&lfid=1076032041291667,https://wx2.sinaimg.cn/large/79aba393gy1glf0m91ewoj20g50l1gob.jpg
2020/12/06,drama,https://m.weibo.cn/status/JxaURc1tT?mblogid=JxaURc1tT&luicode=10000011&lfid=1076032041291667,https://wx3.sinaimg.cn/large/79aba393gy1gldu6avr4lj20g50l1mzv.jpg
2020/12/05,drama,https://m.weibo.cn/status/Jx1wNDrgU?mblogid=Jx1wNDrgU&luicode=10000011&lfid=1076032041291667,https://wx2.sinaimg.cn/large/79aba393gy1glcq21a1ecj20g50l1417.jpg
2020/12/04,drama,https://m.weibo.cn/status/JwS3RsOWb?mblogid=JwS3RsOWb&luicode=10000011&lfid=1076032041291667,https://wx2.sinaimg.cn/large/79aba393gy1glbj8zqqahj20g50l1goa.jpg
2020/12/03,drama,https://m.weibo.cn/status/JwIDmBMrg?mblogid=JwIDmBMrg&luicode=10000011&lfid=1076032041291667,https://wx3.sinaimg.cn/large/79aba393gy1glae94c7f3j20g50l1q5m.jpg
2020/12/02,drama,https://m.weibo.cn/status/JwAEnlLnm?mblogid=JwAEnlLnm&luicode=10000011&lfid=1076032041291667,https://wx3.sinaimg.cn/large/79aba393gy1gl9fo5qsz5j20u02evkgq.jpg
2020/12/02,drama,https://m.weibo.cn/status/JwzdGhA7V?mblogid=JwzdGhA7V&luicode=10000011&lfid=1076032041291667,https://wx2.sinaimg.cn/large/79aba393gy1gl97tnqzf4j20g50l1tbe.jpg
2020/12/01,endorsements,https://m.weibo.cn/status/JwrY6bN2v?mblogid=JwrY6bN2v&luicode=10000011&lfid=1076032041291667,https://wx1.sinaimg.cn/large/79aba393gy1gl8dci03b8j20co1fvwnx.jpg
2020/12/01,drama,https://m.weibo.cn/status/JwpMnarUC?mblogid=JwpMnarUC&luicode=10000011&lfid=1076032041291667,https://wx4.sinaimg.cn/large/79aba393gy1gl82iggb4qj20g50l1wh6.jpg
2020/11/30,drama,https://m.weibo.cn/status/JwglSlzXV?mblogid=JwglSlzXV&luicode=10000011&lfid=1076032041291667,https://wx2.sinaimg.cn/large/79aba393gy1gl6xfbyv9nj20g50l10vf.jpg
2020/11/29,drama,https://m.weibo.cn/status/Jw6VnvDkU?mblogid=Jw6VnvDkU&luicode=10000011&lfid=1076032041291667,https://wx4.sinaimg.cn/large/79aba393gy1gl5rxp1mkkj20g50l1mzv.jpg
2020/11/28,drama,https://m.weibo.cn/status/JvXuSBi2o?mblogid=JvXuSBi2o&luicode=10000011&lfid=1076032041291667,https://wx4.sinaimg.cn/large/79aba393gy1gl4miaxhtkj20g50l1wh6.jpg
2020/11/27,drama,https://m.weibo.cn/status/JvO4o7Az5?mblogid=JvO4o7Az5&luicode=10000011&lfid=1076032041291667,https://wx2.sinaimg.cn/large/79aba393gy1gl3g6xh57pj20g50l1ju3.jpg
2020/11/26,drama,https://m.weibo.cn/status/JvEDTfsG0?mblogid=JvEDTfsG0&luicode=10000011&lfid=1076032041291667,https://wx2.sinaimg.cn/large/79aba393gy1gl2a094zsej20g50l1wh7.jpg
2020/11/25,drama,https://m.weibo.cn/status/Jvvdomcsb?mblogid=Jvvdomcsb&luicode=10000011&lfid=1076032041291667,https://wx3.sinaimg.cn/large/79aba393gy1gl14fs5qqej20g50l1770.jpg
2020/11/24,drama,https://m.weibo.cn/status/JvlMTv9W0?mblogid=JvlMTv9W0&luicode=10000011&lfid=1076032041291667,https://wx3.sinaimg.cn/large/79aba393gy1gkzz0uhgdsj20g50l1ju3.jpg
2020/11/23,drama,https://m.weibo.cn/status/Jvcmp1sh1?mblogid=Jvcmp1sh1&luicode=10000011&lfid=1076032041291667,https://wx4.sinaimg.cn/large/79aba393gy1gkytmq3hccj20g50l1418.jpg
2020/11/22,drama,https://m.weibo.cn/status/Jv2VU77hc?mblogid=Jv2VU77hc&luicode=10000011&lfid=1076032041291667,https://wx1.sinaimg.cn/large/79aba393gy1gkxo5kmc7kj20g50l1goc.jpg
2020/11/21,drama,https://m.weibo.cn/status/JuTvpigbo?mblogid=JuTvpigbo&luicode=10000011&lfid=1076032041291667,https://wx1.sinaimg.cn/large/79aba393gy1gkwiaqnbu6j20g50l1acs.jpg
2020/11/20,drama,https://m.weibo.cn/status/JuK4Uq7Gm?mblogid=JuK4Uq7Gm&luicode=10000011&lfid=1076032041291667,https://wx4.sinaimg.cn/large/79aba393gy1gkvclne9kgj20g50l1ju4.jpg
2020/11/03,endorsements,https://m.weibo.cn/status/JsbQE4bAk?mblogid=JsbQE4bAk&luicode=10000011&lfid=1076032041291667,https://wx4.sinaimg.cn/large/79aba393gy1gkbzbu47laj20co1fvjvg.jpg
2020/10/28,variety,https://m.weibo.cn/status/JrfEEBoLa?mblogid=JrfEEBoLa&luicode=10000011&lfid=1076032041291667,https://wx3.sinaimg.cn/large/79aba393gy1gk4rehlw0tj20g50l1418.jpg
2020/10/26,variety,https://m.weibo.cn/status/JqWNFdlF2?mblogid=JqWNFdlF2&luicode=10000011&lfid=1076032041291667,https://wx3.sinaimg.cn/large/79aba393gy1gk2g6g1vcrj20g50l1q5m.jpg
2020/10/25,variety,https://m.weibo.cn/status/JqNs2iBeG?mblogid=JqNs2iBeG&luicode=10000011&lfid=1076032041291667,https://wx2.sinaimg.cn/large/79aba393gy1gk1bw2h8ckj20g50l1gob.jpg
2020/10/22,variety,https://m.weibo.cn/status/Jql5G7dsn?mblogid=Jql5G7dsn&luicode=10000011&lfid=1076032041291667,https://wx4.sinaimg.cn/large/79aba393gy1gjxtpbnyxlj20g50l1wh7.jpg
2020/10/21,variety,https://m.weibo.cn/status/JqbFbgbOn?mblogid=JqbFbgbOn&luicode=10000011&lfid=1076032041291667,https://wx3.sinaimg.cn/large/79aba393gy1gjwnoy7gygj20g50l1dij.jpg
2020/10/20,endorsements,https://m.weibo.cn/status/Jq3OhqYvt?mblogid=Jq3OhqYvt&luicode=10000011&lfid=1076032041291667,https://wx4.sinaimg.cn/large/79aba393gy1gjvsek2ecnj20co1fvk2c.jpg
2020/10/18,variety,https://m.weibo.cn/status/JpJs9xsh6?mblogid=JpJs9xsh6&luicode=10000011&lfid=1076032041291667,https://wx2.sinaimg.cn/large/79aba393gy1gjt8jc18yzj20g50l1mzv.jpg
2020/10/16,variety,https://m.weibo.cn/status/JpqwHhU1q?mblogid=JpqwHhU1q&luicode=10000011&lfid=1076032041291667,https://wx3.sinaimg.cn/large/79aba393gy1gjqxoiokx5j20g50l1dii.jpg
2020/10/13,variety,https://m.weibo.cn/status/JoYoxyLJd?mblogid=JoYoxyLJd&luicode=10000011&lfid=1076032041291667,https://wx4.sinaimg.cn/large/79aba393gy1gjniju8p3cj20g50l1417.jpg
2020/10/10,variety,https://m.weibo.cn/status/JovXIqno2?mblogid=JovXIqno2&luicode=10000011&lfid=1076032041291667,https://wx4.sinaimg.cn/large/79aba393gy1gjjyq78vtlj20g50l1417.jpg
2020/10/02,drama,https://m.weibo.cn/status/Jnj3fbQO3?mblogid=Jnj3fbQO3&luicode=10000011&lfid=1076032041291667,https://wx4.sinaimg.cn/large/79aba393ly1gjaujmuth2j20u02ev7wh.jpg
2020/09/29,endorsements,https://m.weibo.cn/status/JmREP2xd8?mblogid=JmREP2xd8&luicode=10000011&lfid=1076032041291667,https://wx2.sinaimg.cn/large/79aba393ly1gj7hltig9rj20co1fvdjw.jpg
2020/09/22,endorsements,https://m.weibo.cn/status/JlOmWgn5T?mblogid=JlOmWgn5T&luicode=10000011&lfid=1076032041291667,https://wx3.sinaimg.cn/large/79aba393gy1gizhdmgix9j20co1fval4.jpg
2020/09/15,endorsements,https://m.weibo.cn/status/JkKwvbjoT?mblogid=JkKwvbjoT&luicode=10000011&lfid=1076032041291667,https://wx2.sinaimg.cn/large/79aba393gy1gireo8w7jgj20co1fvqdm.jpg
2020/09/08,endorsements,https://m.weibo.cn/status/JjG2jFKgz?mblogid=JjG2jFKgz&luicode=10000011&lfid=1076032041291667,https://wx2.sinaimg.cn/large/79aba393ly1gij93dgzajj20co1fvwnx.jpg
2020/09/01,endorsements,https://m.weibo.cn/status/JiClymbkP?mblogid=JiClymbkP&luicode=10000011&lfid=1076032041291667,https://wx3.sinaimg.cn/large/79aba393gy1gib73wml0lj20co1fvguo.jpg
2020/08/25,endorsements,https://m.weibo.cn/status/Jhy0vD4a0?mblogid=Jhy0vD4a0&luicode=10000011&lfid=1076032041291667,https://wx2.sinaimg.cn/large/79aba393gy1gi321xiq9mj20co1fvgut.jpg
2020/08/18,endorsements,https://m.weibo.cn/status/Jgu3MeyTW?mblogid=Jgu3MeyTW&luicode=10000011&lfid=1076032041291667,https://wx1.sinaimg.cn/large/79aba393gy1ghv1hsgho1j20co1fvdp5.jpg
2020/08/11,endorsements,https://m.weibo.cn/status/Jfq2xeoF6?mblogid=Jfq2xeoF6&luicode=10000011&lfid=1076032041291667,https://wx3.sinaimg.cn/large/79aba393gy1ghmvnnrv0lj20co1fvakw.jpg
2020/08/04,endorsements,https://m.weibo.cn/status/Jem1e7dKd?mblogid=Jem1e7dKd&luicode=10000011&lfid=1076032041291667,https://wx1.sinaimg.cn/large/79aba393gy1ghes6fexw0j20co1fvakp.jpg
2020/08/03,drama,https://m.weibo.cn/status/JecgI7MTu?mblogid=JecgI7MTu&luicode=10000011&lfid=1076032041291667,https://wx3.sinaimg.cn/large/79aba393gy1ghdl5ufiycj20u02ev7wh.jpg
2020/08/03,drama,https://m.weibo.cn/status/JeauMExNN?mblogid=JeauMExNN&luicode=10000011&lfid=1076032041291667,https://wx4.sinaimg.cn/large/79aba393gy1ghdbtnnkxyj20g50l1ju3.jpg
2020/07/28,endorsements,https://m.weibo.cn/status/JdhOP1fWF?mblogid=JdhOP1fWF&luicode=10000011&lfid=1076032041291667,https://wx2.sinaimg.cn/large/79aba393gy1gh6nv8ek3gj20co1fv47r.jpg
2020/07/27,drama,https://m.weibo.cn/status/Jd6vjg13w?mblogid=Jd6vjg13w&luicode=10000011&lfid=1076032041291667,https://wx1.sinaimg.cn/large/79aba393gy1gh58eyhjz2j20g50l1wh7.jpg
2020/07/21,endorsements,https://m.weibo.cn/status/Jceibbd8W?mblogid=Jceibbd8W&luicode=10000011&lfid=1076032041291667,https://wx4.sinaimg.cn/large/79aba393gy1ggymmikv2aj20co1fvk0y.jpg
2020/07/20,drama,https://m.weibo.cn/status/Jc2vPCW6b?mblogid=Jc2vPCW6b&luicode=10000011&lfid=1076032041291667,https://wx4.sinaimg.cn/large/79aba393gy1ggx5oetds1j20g50l1416.jpg
2020/07/19,drama,https://m.weibo.cn/status/JbT5l72S9?mblogid=JbT5l72S9&luicode=10000011&lfid=1076032041291667,https://wx2.sinaimg.cn/large/79aba393gy1ggw02ettspj20g50l176y.jpg
2020/07/17,drama,https://m.weibo.cn/status/JbAelkykP?mblogid=JbAelkykP&luicode=10000011&lfid=1076032041291667,https://wx3.sinaimg.cn/large/79aba393gy1ggtocbwcduj20g50l1tbe.jpg
2020/07/16,drama,https://m.weibo.cn/status/JbqNQz0BC?mblogid=JbqNQz0BC&luicode=10000011&lfid=1076032041291667,https://wx2.sinaimg.cn/large/79aba393gy1ggsi706vvlj20g50l1mzt.jpg
2020/07/15,drama,https://m.weibo.cn/status/Jbhne3iJ6?mblogid=Jbhne3iJ6&luicode=10000011&lfid=1076032041291667,https://wx1.sinaimg.cn/large/79aba393gy1ggrejtrb4kj20g50l1wh5.jpg
2020/07/14,endorsements,https://m.weibo.cn/status/JbadBkIsp?mblogid=JbadBkIsp&luicode=10000011&lfid=1076032041291667,https://wx1.sinaimg.cn/large/79aba393gy1ggqiyfg71bj20co1fvn6p.jpg
2020/07/14,drama,https://m.weibo.cn/status/Jb7WRbcLe?mblogid=Jb7WRbcLe&luicode=10000011&lfid=1076032041291667,https://wx1.sinaimg.cn/large/79aba393gy1ggq79yug7uj20g50l1tbd.jpg
2020/07/13,drama,https://m.weibo.cn/status/JaYwmi3st?mblogid=JaYwmi3st&luicode=10000011&lfid=1076032041291667,https://wx2.sinaimg.cn/large/79aba393gy1ggp1nj672tj20g50l10ve.jpg
2020/07/12,drama,https://m.weibo.cn/status/JaP5RrUXN?mblogid=JaP5RrUXN&luicode=10000011&lfid=1076032041291667,https://wx4.sinaimg.cn/large/79aba393gy1ggnwjpa8bjj20g50l176y.jpg
2020/07/11,drama,https://m.weibo.cn/status/JaFKZAYVA?mblogid=JaFKZAYVA&luicode=10000011&lfid=1076032041291667,https://wx3.sinaimg.cn/large/79aba393gy1ggmshfawx9j20g50l1mzu.jpg
2020/07/10,drama,https://m.weibo.cn/status/JaweS03es?mblogid=JaweS03es&luicode=10000011&lfid=1076032041291667,https://wx2.sinaimg.cn/large/79aba393gy1ggll2gng0wj20g50l1goa.jpg
2020/07/09,drama,https://m.weibo.cn/status/JamOnd1mU?mblogid=JamOnd1mU&luicode=10000011&lfid=1076032041291667,https://wx3.sinaimg.cn/large/79aba393gy1ggkg8f27ezj20g50l1mzv.jpg
2020/07/08,drama,https://m.weibo.cn/status/JadnSmpTf?mblogid=JadnSmpTf&luicode=10000011&lfid=1076032041291667,https://wx1.sinaimg.cn/large/79aba393gy1ggj9zrbloaj20g50l1ju2.jpg
2020/07/07,endorsements,https://m.weibo.cn/status/Ja692DWQh?mblogid=Ja692DWQh&luicode=10000011&lfid=1076032041291667,https://wx4.sinaimg.cn/large/79aba393gy1ggif7ztyr2j20co1fvwph.jpg
2020/07/07,drama,https://m.weibo.cn/status/Ja3Yc0JxG?mblogid=Ja3Yc0JxG&luicode=10000011&lfid=1076032041291667,https://wx1.sinaimg.cn/large/79aba393gy1ggi46gq3mpj20g50l1ju3.jpg
2020/07/06,drama,https://m.weibo.cn/status/J9UwSBoUu?mblogid=J9UwSBoUu&luicode=10000011&lfid=1076032041291667,https://wx1.sinaimg.cn/large/79aba393gy1gggz4yv3qaj20g50l1tbe.jpg
2020/07/05,drama,https://m.weibo.cn/status/J9L6o8IQ9?mblogid=J9L6o8IQ9&luicode=10000011&lfid=1076032041291667,https://wx3.sinaimg.cn/large/79aba393gy1ggftv0pvh8j20g50l1416.jpg
2020/07/04,drama,https://m.weibo.cn/status/J9BFTgUfn?mblogid=J9BFTgUfn&luicode=10000011&lfid=1076032041291667,https://wx3.sinaimg.cn/large/79aba393gy1ggeoeszd4kj20g50l1mzu.jpg
2020/07/03,drama,https://m.weibo.cn/status/J9sfooCmF?mblogid=J9sfooCmF&luicode=10000011&lfid=1076032041291667,https://wx3.sinaimg.cn/large/79aba393gy1ggdhz71ddmj20g50l1acr.jpg
2020/07/02,,https://m.weibo.cn/status/J9kWKy4Tp?mblogid=J9kWKy4Tp&luicode=10000011&lfid=1076032041291667,https://wx3.sinaimg.cn/large/79aba393gy1ggcmvtnuyej20u02ev7wh.jpg
2020/07/02,drama,https://m.weibo.cn/status/J9iPiEIM1?mblogid=J9iPiEIM1&luicode=10000011&lfid=1076032041291667,https://wx1.sinaimg.cn/large/79aba393gy1ggcbtrg7u2j20g50l1ju3.jpg
2020/07/01,drama,https://m.weibo.cn/status/J99qqADwe?mblogid=J99qqADwe&luicode=10000011&lfid=1076032041291667,https://wx1.sinaimg.cn/large/79aba393gy1ggb5z6gurtj20g50l1q5o.jpg
2020/06/30,endorsements,https://m.weibo.cn/status/J92fNcp03?mblogid=J92fNcp03&luicode=10000011&lfid=1076032041291667,https://wx3.sinaimg.cn/large/79aba393gy1ggacavrh5tj20co1fval2.jpg
2020/06/30,drama,https://m.weibo.cn/status/J8ZXU8Jpp?mblogid=J8ZXU8Jpp&luicode=10000011&lfid=1076032041291667,https://wx1.sinaimg.cn/large/79aba393gy1gga14xj6knj20g50l1wh7.jpg
2020/06/29,drama,https://m.weibo.cn/status/J8QxpgDom?mblogid=J8QxpgDom&luicode=10000011&lfid=1076032041291667,https://wx2.sinaimg.cn/large/79aba393gy1gg8w56n4q6j20g50l1mzw.jpg
2020/06/28,drama,https://m.weibo.cn/status/J8H6UoAjv?mblogid=J8H6UoAjv&luicode=10000011&lfid=1076032041291667,https://wx3.sinaimg.cn/large/79aba393gy1gg7pzry0h0j20g50l1wh7.jpg
2020/06/27,drama,https://m.weibo.cn/status/J8xGpzHbo?mblogid=J8xGpzHbo&luicode=10000011&lfid=1076032041291667,https://wx4.sinaimg.cn/large/79aba393gy1gg6k4zgkoyj20g50l1ju4.jpg
2020/06/25,drama,https://m.weibo.cn/status/J8eT3ByIO?mblogid=J8eT3ByIO&luicode=10000011&lfid=1076032041291667,https://wx1.sinaimg.cn/large/79aba393gy1gg4af1k13qj20g50l1mzv.jpg
2020/06/23,endorsements,https://m.weibo.cn/status/J7YcVe77H?mblogid=J7YcVe77H&luicode=10000011&lfid=1076032041291667,https://wx3.sinaimg.cn/large/79aba393gy1gg28rveminj20co1fvajo.jpg
2020/06/23,drama,https://m.weibo.cn/status/J7VZE9Ej6?mblogid=J7VZE9Ej6&luicode=10000011&lfid=1076032041291667,https://wx3.sinaimg.cn/large/79aba393gy1gg1wzhrp8nj20g50l1wh8.jpg
2020/06/20,drama,https://m.weibo.cn/status/J7u0agVm3?mblogid=J7u0agVm3&luicode=10000011&lfid=1076032041291667,https://wx4.sinaimg.cn/large/79aba393gy1gfyjfl3zm3j20g50l1q5o.jpg
2020/06/19,drama,https://m.weibo.cn/status/J7kgrmtVE?mblogid=J7kgrmtVE&luicode=10000011&lfid=1076032041291667,https://wx4.sinaimg.cn/large/79aba393gy1gfxa4xm8lrj20g50l1ju4.jpg
2020/06/18,drama,https://m.weibo.cn/status/J7aPWurZJ?mblogid=J7aPWurZJ&luicode=10000011&lfid=1076032041291667,https://wx2.sinaimg.cn/large/79aba393gy1gfw4rur4asj20g50l1ju4.jpg
2020/06/17,drama,https://m.weibo.cn/status/J71prEswA?mblogid=J71prEswA&luicode=10000011&lfid=1076032041291667,https://wx4.sinaimg.cn/large/79aba393gy1gfuzvqbxhfj20g50l1770.jpg
2020/06/16,endorsements,https://m.weibo.cn/status/J6TK8Adjt?mblogid=J6TK8Adjt&luicode=10000011&lfid=1076032041291667,https://wx2.sinaimg.cn/large/79aba393gy1gfu3cxfzrsj20co1fvqcu.jpg
2020/06/16,drama,https://m.weibo.cn/status/J6Ssad7Ue?mblogid=J6Ssad7Ue&luicode=10000011&lfid=1076032041291667,https://wx3.sinaimg.cn/large/79aba393gy1gftxny56bxj20g50l1act.jpg
2020/06/14,drama,https://m.weibo.cn/status/J6z8LDf5W?mblogid=J6z8LDf5W&luicode=10000011&lfid=1076032041291667,https://wx4.sinaimg.cn/large/79aba393gy1gfrikrnbjvj20g50l1770.jpg
2020/06/13,drama,https://m.weibo.cn/status/J6pIh7A2d?mblogid=J6pIh7A2d&luicode=10000011&lfid=1076032041291667,https://wx4.sinaimg.cn/large/79aba393gy1gfqda47b2bj20g50l1419.jpg
2020/06/11,drama,https://m.weibo.cn/status/J66Qt88LW?mblogid=J66Qt88LW&luicode=10000011&lfid=1076032041291667,https://wx3.sinaimg.cn/large/79aba393gy1gfo2opoenpj20g50l1dil.jpg
2020/06/10,drama,https://m.weibo.cn/status/J5XpYlm17?mblogid=J5XpYlm17&luicode=10000011&lfid=1076032041291667,https://wx1.sinaimg.cn/large/79aba393gy1gfmwnyja5wj20g50l1770.jpg
2020/06/09,endorsements,https://m.weibo.cn/status/J5QhDnIgp?mblogid=J5QhDnIgp&luicode=10000011&lfid=1076032041291667,https://wx1.sinaimg.cn/large/79aba393gy1gfm2d99x44j20co1fv7dx.jpg
2020/06/09,drama,https://m.weibo.cn/status/J5O0H8Ozg?mblogid=J5O0H8Ozg&luicode=10000011&lfid=1076032041291667,https://wx2.sinaimg.cn/large/79aba393gy1gflqbepu0mj20g50l1419.jpg
2020/06/08,drama,https://m.weibo.cn/status/J5EyYCh4G?mblogid=J5EyYCh4G&luicode=10000011&lfid=1076032041291667,https://wx1.sinaimg.cn/large/79aba393gy1gfkl28qhlqj20g50l1goc.jpg
2020/06/07,drama,https://m.weibo.cn/status/J5v8u1iz1?mblogid=J5v8u1iz1&luicode=10000011&lfid=1076032041291667,https://wx3.sinaimg.cn/large/79aba393gy1gfjfjbpxxwj20g50l1acs.jpg
2020/06/06,drama,https://m.weibo.cn/status/J5lHZfaZb?mblogid=J5lHZfaZb&luicode=10000011&lfid=1076032041291667,https://wx4.sinaimg.cn/large/79aba393gy1gfi912gddsj20g50l1mzw.jpg
2020/06/05,drama,https://m.weibo.cn/status/J5chujvf4?mblogid=J5chujvf4&luicode=10000011&lfid=1076032041291667,https://wx4.sinaimg.cn/large/79aba393gy1gfh52bu817j20g50l1dil.jpg
2020/06/04,drama,https://m.weibo.cn/status/J52SdaIrH?mblogid=J52SdaIrH&luicode=10000011&lfid=1076032041291667,https://wx2.sinaimg.cn/large/79aba393gy1gffz45h2awj20g50l1dil.jpg
2020/06/03,drama,https://m.weibo.cn/status/J4TquF9FE?mblogid=J4TquF9FE&luicode=10000011&lfid=1076032041291667,https://wx2.sinaimg.cn/large/79aba393gy1gfesc4ywp7j20g50l1act.jpg
2020/06/02,endorsements,https://m.weibo.cn/status/J4LPchT7Q?mblogid=J4LPchT7Q&luicode=10000011&lfid=1076032041291667,https://wx2.sinaimg.cn/large/79aba393gy1gfdwxam328j20co1fvk1c.jpg
2020/06/02,drama,https://m.weibo.cn/status/J4K00a6T3?mblogid=J4K00a6T3&luicode=10000011&lfid=1076032041291667,https://wx4.sinaimg.cn/large/79aba393gy1gfdntu9pzhj20g50l1ju4.jpg
2020/06/01,drama,https://m.weibo.cn/status/J4AzvgU42?mblogid=J4AzvgU42&luicode=10000011&lfid=1076032041291667,https://wx1.sinaimg.cn/large/79aba393gy1gfcgp141x7j20g50l1tbg.jpg
2020/06/02,drama,https://m.weibo.cn/status/J4K00a6T3?mblogid=J4K00a6T3&luicode=10000011&lfid=1076032041291667,https://wx4.sinaimg.cn/large/79aba393gy1gfdntu9pzhj20g50l1ju4.jpg
2020/06/01,drama,https://m.weibo.cn/status/J4AzvgU42?mblogid=J4AzvgU42&luicode=10000011&lfid=1076032041291667,https://wx1.sinaimg.cn/large/79aba393gy1gfcgp141x7j20g50l1tbg.jpg
2020/06/02,drama,https://m.weibo.cn/status/J4K00a6T3?mblogid=J4K00a6T3&luicode=10000011&lfid=1076032041291667,https://wx4.sinaimg.cn/large/79aba393gy1gfdntu9pzhj20g50l1ju4.jpg
2020/06/01,drama,https://m.weibo.cn/status/J4AzvgU42?mblogid=J4AzvgU42&luicode=10000011&lfid=1076032041291667,https://wx1.sinaimg.cn/large/79aba393gy1gfcgp141x7j20g50l1tbg.jpg
2020/06/02,drama,https://m.weibo.cn/status/J4K00a6T3?mblogid=J4K00a6T3&luicode=10000011&lfid=1076032041291667,https://wx4.sinaimg.cn/large/79aba393gy1gfdntu9pzhj20g50l1ju4.jpg
2020/06/01,drama,https://m.weibo.cn/status/J4AzvgU42?mblogid=J4AzvgU42&luicode=10000011&lfid=1076032041291667,https://wx1.sinaimg.cn/large/79aba393gy1gfcgp141x7j20g50l1tbg.jpg
2020/06/02,drama,https://m.weibo.cn/status/J4K00a6T3?mblogid=J4K00a6T3&luicode=10000011&lfid=1076032041291667,https://wx4.sinaimg.cn/large/79aba393gy1gfdntu9pzhj20g50l1ju4.jpg
2020/06/01,drama,https://m.weibo.cn/status/J4AzvgU42?mblogid=J4AzvgU42&luicode=10000011&lfid=1076032041291667,https://wx1.sinaimg.cn/large/79aba393gy1gfcgp141x7j20g50l1tbg.jpg
2020/06/02,drama,https://m.weibo.cn/status/J4K00a6T3?mblogid=J4K00a6T3&luicode=10000011&lfid=1076032041291667,https://wx4.sinaimg.cn/large/79aba393gy1gfdntu9pzhj20g50l1ju4.jpg
2020/06/01,drama,https://m.weibo.cn/status/J4AzvgU42?mblogid=J4AzvgU42&luicode=10000011&lfid=1076032041291667,https://wx1.sinaimg.cn/large/79aba393gy1gfcgp141x7j20g50l1tbg.jpg
